lon,lat,probability
100.5,6.5,0.0015
100.5,7.5,0.0025
100.5,8.5,0.0035
100.5,9.5,0.002
100.5,10.5,0.0065
100.5,11.5,0.011
100.5,12.5,0.0155
100.5,13.5,0.0235
100.5,14.5,0.0365
100.5,15.5,0.0325
100.5,16.5,0.033
100.5,17.5,0.0305
100.5,18.5,0.0355
100.5,19.5,0.022
100.5,20.5,0.0245
100.5,21.5,0.023
100.5,22.5,0.014
100.5,23.5,0.0125
100.5,24.5,0.007
100.5,25.5,0.003
100.5,26.5,0.0015
100.5,27.5,0.001
100.5,28.5,0.0005
100.5,30.5,0.0005
100.5,31.5,0.0005
101.5,5.5,0.0005
101.5,6.5,0.0015
101.5,7.5,0.0015
101.5,8.5,0.0035
101.5,9.5,0.0045
101.5,10.5,0.0085
101.5,11.5,0.011
101.5,12.5,0.0185
101.5,13.5,0.0315
101.5,14.5,0.042
101.5,15.5,0.0465
101.5,16.5,0.047
101.5,17.5,0.0475
101.5,18.5,0.0475
101.5,19.5,0.0385
101.5,20.5,0.0325
101.5,21.5,0.0315
101.5,22.5,0.0225
101.5,23.5,0.0165
101.5,24.5,0.0095
101.5,25.5,0.0045
101.5,26.5,0.004
101.5,27.5,0.0035
101.5,28.5,0.0005
101.5,29.5,0.001
101.5,30.5,0.001
101.5,31.5,0.0005
102.5,5.5,0.0005
102.5,6.5,0.001
102.5,7.5,0.0025
102.5,8.5,0.003
102.5,9.5,0.007
102.5,10.5,0.0075
102.5,11.5,0.012
102.5,12.5,0.021
102.5,13.5,0.035
102.5,14.5,0.0455
102.5,15.5,0.0495
102.5,16.5,0.0485
102.5,17.5,0.05
102.5,18.5,0.0515
102.5,19.5,0.042
102.5,20.5,0.035
102.5,21.5,0.0355
102.5,22.5,0.027
102.5,23.5,0.015
102.5,24.5,0.009
102.5,25.5,0.0055
102.5,26.5,0.0045
102.5,27.5,0.001
102.5,28.5,0.002
102.5,29.5,0.0015
102.5,30.5,0.001
102.5,32.5,0.0005
103.5,5.5,0.0005
103.5,6.5,0.0005
103.5,7.5,0.0015
103.5,8.5,0.003
103.5,9.5,0.006
103.5,10.5,0.007
103.5,11.5,0.015
103.5,12.5,0.021
103.5,13.5,0.0325
103.5,14.5,0.042
103.5,15.5,0.0505
103.5,16.5,0.049
103.5,17.5,0.057
103.5,18.5,0.0595
103.5,19.5,0.0425
103.5,20.5,0.0405
103.5,21.5,0.034
103.5,22.5,0.0305
103.5,23.5,0.0195
103.5,24.5,0.0115
103.5,25.5,0.006
103.5,26.5,0.004
103.5,27.5,0.001
103.5,28.5,0.0025
103.5,30.5,0.001
103.5,31.5,0.0005
103.5,33.5,0.0005
103.5,34.5,0.0005
104.5,6.5,0.0005
104.5,7.5,0.0015
104.5,8.5,0.0015
104.5,9.5,0.0065
104.5,10.5,0.0075
104.5,11.5,0.015
104.5,12.5,0.024
104.5,13.5,0.0305
104.5,14.5,0.044
104.5,15.5,0.0495
104.5,16.5,0.0475
104.5,17.5,0.0625
104.5,18.5,0.06
104.5,19.5,0.0495
104.5,20.5,0.039
104.5,21.5,0.036
104.5,22.5,0.0295
104.5,23.5,0.0225
104.5,24.5,0.013
104.5,25.5,0.007
104.5,26.5,0.0045
104.5,27.5,0.0015
104.5,28.5,0.002
104.5,29.5,0.001
104.5,31.5,0.0005
104.5,32.5,0.0005
104.5,33.5,0.0005
104.5,34.5,0.0005
105.5,6.5,0.0005
105.5,7.5,0.002
105.5,8.5,0.001
105.5,9.5,0.0055
105.5,10.5,0.007
105.5,11.5,0.016
105.5,12.5,0.023
105.5,13.5,0.0305
105.5,14.5,0.047
105.5,15.5,0.0505
105.5,16.5,0.0535
105.5,17.5,0.059
105.5,18.5,0.0635
105.5,19.5,0.047
105.5,20.5,0.05
105.5,21.5,0.039
105.5,22.5,0.0225
105.5,23.5,0.022
105.5,24.5,0.0105
105.5,25.5,0.0075
105.5,26.5,0.0055
105.5,27.5,0.0035
105.5,28.5,0.0025
105.5,29.5,0.0015
105.5,30.5,0.0005
105.5,32.5,0.001
105.5,33.5,0.001
106.5,7.5,0.0025
106.5,8.5,0.001
106.5,9.5,0.004
106.5,10.5,0.0055
106.5,11.5,0.013
106.5,12.5,0.025
106.5,13.5,0.033
106.5,14.5,0.049
106.5,15.5,0.052
106.5,16.5,0.06
106.5,17.5,0.0615
106.5,18.5,0.0575
106.5,19.5,0.0485
106.5,20.5,0.0575
106.5,21.5,0.04
106.5,22.5,0.025
106.5,23.5,0.023
106.5,24.5,0.0155
106.5,25.5,0.0075
106.5,26.5,0.0045
106.5,27.5,0.004
106.5,28.5,0.0025
106.5,29.5,0.0015
106.5,30.5,0.001
106.5,31.5,0.0005
106.5,32.5,0.0005
106.5,33.5,0.0005
106.5,34.5,0.0005
107.5,7.5,0.002
107.5,8.5,0.0005
107.5,9.5,0.0045
107.5,10.5,0.005
107.5,11.5,0.013
107.5,12.5,0.0205
107.5,13.5,0.0325
107.5,14.5,0.0495
107.5,15.5,0.06
107.5,16.5,0.063
107.5,17.5,0.067
107.5,18.5,0.059
107.5,19.5,0.055
107.5,20.5,0.057
107.5,21.5,0.039
107.5,22.5,0.0295
107.5,23.5,0.026
107.5,24.5,0.021
107.5,25.5,0.0125
107.5,26.5,0.007
107.5,27.5,0.0065
107.5,28.5,0.003
107.5,29.5,0.002
107.5,30.5,0.0015
107.5,31.5,0.001
107.5,34.5,0.0005
108.5,7.5,0.0015
108.5,8.5,0.0005
108.5,9.5,0.003
108.5,10.5,0.009
108.5,11.5,0.016
108.5,12.5,0.0215
108.5,13.5,0.031
108.5,14.5,0.05
108.5,15.5,0.064
108.5,16.5,0.066
108.5,17.5,0.0695
108.5,18.5,0.0695
108.5,19.5,0.0625
108.5,20.5,0.0565
108.5,21.5,0.0425
108.5,22.5,0.0315
108.5,23.5,0.0265
108.5,24.5,0.023
108.5,25.5,0.014
108.5,26.5,0.012
108.5,27.5,0.009
108.5,28.5,0.0055
108.5,29.5,0.002
108.5,30.5,0.002
108.5,31.5,0.001
108.5,34.5,0.0005
108.5,35.5,0.0005
109.5,7.5,0.0015
109.5,8.5,0.0015
109.5,9.5,0.0015
109.5,10.5,0.0095
109.5,11.5,0.018
109.5,12.5,0.0225
109.5,13.5,0.031
109.5,14.5,0.047
109.5,15.5,0.062
109.5,16.5,0.0655
109.5,17.5,0.075
109.5,18.5,0.063
109.5,19.5,0.0685
109.5,20.5,0.0615
109.5,21.5,0.045
109.5,22.5,0.0315
109.5,23.5,0.0255
109.5,24.5,0.026
109.5,25.5,0.019
109.5,26.5,0.014
109.5,27.5,0.0105
109.5,28.5,0.007
109.5,29.5,0.0025
109.5,30.5,0.002
109.5,31.5,0.001
109.5,32.5,0.0005
109.5,33.5,0.0005
109.5,34.5,0.0005
109.5,35.5,0.0005
110.5,6.5,0.0005
110.5,7.5,0.0005
110.5,8.5,0.002
110.5,9.5,0.0045
110.5,10.5,0.008
110.5,11.5,0.014
110.5,12.5,0.027
110.5,13.5,0.035
110.5,14.5,0.05
110.5,15.5,0.0645
110.5,16.5,0.0745
110.5,17.5,0.0805
110.5,18.5,0.063
110.5,19.5,0.0715
110.5,20.5,0.0585
110.5,21.5,0.049
110.5,22.5,0.03
110.5,23.5,0.0275
110.5,24.5,0.026
110.5,25.5,0.022
110.5,26.5,0.0115
110.5,27.5,0.0085
110.5,28.5,0.006
110.5,29.5,0.0035
110.5,30.5,0.0035
110.5,31.5,0.0025
110.5,34.5,0.0005
110.5,35.5,0.001
111.5,6.5,0.0005
111.5,8.5,0.0015
111.5,9.5,0.006
111.5,10.5,0.0055
111.5,11.5,0.0095
111.5,12.5,0.024
111.5,13.5,0.038
111.5,14.5,0.0535
111.5,15.5,0.06
111.5,16.5,0.074
111.5,17.5,0.0785
111.5,18.5,0.0735
111.5,19.5,0.081
111.5,20.5,0.0575
111.5,21.5,0.0475
111.5,22.5,0.0335
111.5,23.5,0.027
111.5,24.5,0.029
111.5,25.5,0.0215
111.5,26.5,0.014
111.5,27.5,0.0085
111.5,28.5,0.005
111.5,29.5,0.004
111.5,30.5,0.0045
111.5,31.5,0.0035
111.5,32.5,0.003
111.5,33.5,0.0015
111.5,34.5,0.0015
111.5,35.5,0.0015
111.5,36.5,0.0005
112.5,5.5,0.0005
112.5,6.5,0.0005
112.5,8.5,0.001
112.5,9.5,0.0055
112.5,10.5,0.006
112.5,11.5,0.008
112.5,12.5,0.0225
112.5,13.5,0.04
112.5,14.5,0.049
112.5,15.5,0.0615
112.5,16.5,0.079
112.5,17.5,0.084
112.5,18.5,0.0875
112.5,19.5,0.084
112.5,20.5,0.063
112.5,21.5,0.053
112.5,22.5,0.037
112.5,23.5,0.033
112.5,24.5,0.028
112.5,25.5,0.02
112.5,26.5,0.018
112.5,27.5,0.0145
112.5,28.5,0.01
112.5,29.5,0.0075
112.5,30.5,0.0065
112.5,31.5,0.004
112.5,32.5,0.0035
112.5,33.5,0.002
112.5,34.5,0.0015
112.5,36.5,0.0015
112.5,37.5,0.0005
112.5,38.5,0.0005
113.5,6.5,0.0005
113.5,7.5,0.0005
113.5,8.5,0.001
113.5,9.5,0.007
113.5,10.5,0.0085
113.5,11.5,0.012
113.5,12.5,0.026
113.5,13.5,0.043
113.5,14.5,0.0435
113.5,15.5,0.073
113.5,16.5,0.088
113.5,17.5,0.089
113.5,18.5,0.0895
113.5,19.5,0.0865
113.5,20.5,0.06
113.5,21.5,0.0575
113.5,22.5,0.047
113.5,23.5,0.0395
113.5,24.5,0.0285
113.5,25.5,0.0245
113.5,26.5,0.018
113.5,27.5,0.0155
113.5,28.5,0.0125
113.5,29.5,0.0075
113.5,30.5,0.008
113.5,31.5,0.006
113.5,32.5,0.0055
113.5,33.5,0.002
113.5,34.5,0.0015
113.5,36.5,0.0005
113.5,37.5,0.0005
113.5,38.5,0.0005
113.5,39.5,0.0005
114.5,7.5,0.0005
114.5,8.5,0.0025
114.5,9.5,0.0065
114.5,10.5,0.01
114.5,11.5,0.016
114.5,12.5,0.0235
114.5,13.5,0.0385
114.5,14.5,0.0465
114.5,15.5,0.0775
114.5,16.5,0.089
114.5,17.5,0.0865
114.5,18.5,0.0965
114.5,19.5,0.087
114.5,20.5,0.0705
114.5,21.5,0.069
114.5,22.5,0.051
114.5,23.5,0.038
114.5,24.5,0.0315
114.5,25.5,0.0275
114.5,26.5,0.02
114.5,27.5,0.0195
114.5,28.5,0.015
114.5,29.5,0.009
114.5,30.5,0.008
114.5,31.5,0.006
114.5,32.5,0.005
114.5,33.5,0.004
114.5,34.5,0.0025
114.5,35.5,0.001
114.5,36.5,0.0005
114.5,37.5,0.0005
114.5,39.5,0.0005
115.5,7.5,0.001
115.5,8.5,0.0015
115.5,9.5,0.0055
115.5,10.5,0.01
115.5,11.5,0.0125
115.5,12.5,0.022
115.5,13.5,0.0405
115.5,14.5,0.053
115.5,15.5,0.077
115.5,16.5,0.091
115.5,17.5,0.0965
115.5,18.5,0.103
115.5,19.5,0.088
115.5,20.5,0.08
115.5,21.5,0.07
115.5,22.5,0.0525
115.5,23.5,0.0415
115.5,24.5,0.037
115.5,25.5,0.0235
115.5,26.5,0.0165
115.5,27.5,0.015
115.5,28.5,0.014
115.5,29.5,0.01
115.5,30.5,0.008
115.5,31.5,0.0065
115.5,32.5,0.006
115.5,33.5,0.005
115.5,34.5,0.004
115.5,35.5,0.0035
115.5,36.5,0.001
115.5,37.5,0.0005
115.5,39.5,0.0005
115.5,40.5,0.0005
116.5,7.5,0.0015
116.5,8.5,0.001
116.5,9.5,0.0055
116.5,10.5,0.01
116.5,11.5,0.0125
116.5,12.5,0.022
116.5,13.5,0.0475
116.5,14.5,0.06
116.5,15.5,0.0805
116.5,16.5,0.092
116.5,17.5,0.1045
116.5,18.5,0.1115
116.5,19.5,0.09
116.5,20.5,0.083
116.5,21.5,0.0665
116.5,22.5,0.056
116.5,23.5,0.0455
116.5,24.5,0.0385
116.5,25.5,0.0305
116.5,26.5,0.0235
116.5,27.5,0.0165
116.5,28.5,0.012
116.5,29.5,0.01
116.5,30.5,0.01
116.5,31.5,0.0045
116.5,32.5,0.0045
116.5,33.5,0.004
116.5,34.5,0.0025
116.5,35.5,0.003
116.5,36.5,0.0025
116.5,38.5,0.0005
116.5,40.5,0.0005
117.5,7.5,0.0015
117.5,8.5,0.001
117.5,9.5,0.008
117.5,10.5,0.012
117.5,11.5,0.0145
117.5,12.5,0.0285
117.5,13.5,0.0475
117.5,14.5,0.0655
117.5,15.5,0.084
117.5,16.5,0.107
117.5,17.5,0.108
117.5,18.5,0.108
117.5,19.5,0.0955
117.5,20.5,0.0805
117.5,21.5,0.0625
117.5,22.5,0.0535
117.5,23.5,0.05
117.5,24.5,0.038
117.5,25.5,0.031
117.5,26.5,0.031
117.5,27.5,0.026
117.5,28.5,0.017
117.5,29.5,0.012
117.5,30.5,0.012
117.5,31.5,0.0075
117.5,32.5,0.0045
117.5,33.5,0.006
117.5,34.5,0.0035
117.5,35.5,0.003
117.5,36.5,0.004
117.5,37.5,0.001
117.5,38.5,0.001
117.5,39.5,0.0005
117.5,40.5,0.0005
118.5,7.5,0.001
118.5,8.5,0.002
118.5,9.5,0.0055
118.5,10.5,0.009
118.5,11.5,0.0125
118.5,12.5,0.027
118.5,13.5,0.0495
118.5,14.5,0.075
118.5,15.5,0.0965
118.5,16.5,0.1105
118.5,17.5,0.1205
118.5,18.5,0.108
118.5,19.5,0.0875
118.5,20.5,0.0785
118.5,21.5,0.0585
118.5,22.5,0.0535
118.5,23.5,0.0515
118.5,24.5,0.038
118.5,25.5,0.034
118.5,26.5,0.039
118.5,27.5,0.0285
118.5,28.5,0.025
118.5,29.5,0.018
118.5,30.5,0.015
118.5,31.5,0.0085
118.5,32.5,0.0065
118.5,33.5,0.0055
118.5,34.5,0.0035
118.5,35.5,0.0025
118.5,36.5,0.004
118.5,37.5,0.0015
118.5,38.5,0.0005
118.5,39.5,0.0005
118.5,41.5,0.0005
119.5,6.5,0.0005
119.5,7.5,0.001
119.5,8.5,0.0015
119.5,9.5,0.0045
119.5,10.5,0.0075
119.5,11.5,0.014
119.5,12.5,0.032
119.5,13.5,0.0525
119.5,14.5,0.087
119.5,15.5,0.113
119.5,16.5,0.1135
119.5,17.5,0.1235
119.5,18.5,0.105
119.5,19.5,0.091
119.5,20.5,0.079
119.5,21.5,0.0605
119.5,22.5,0.052
119.5,23.5,0.049
119.5,24.5,0.0415
119.5,25.5,0.0385
119.5,26.5,0.0385
119.5,27.5,0.0295
119.5,28.5,0.029
119.5,29.5,0.02
119.5,30.5,0.021
119.5,31.5,0.015
119.5,32.5,0.0075
119.5,33.5,0.004
119.5,34.5,0.0045
119.5,35.5,0.0035
119.5,36.5,0.0015
119.5,37.5,0.0025
119.5,38.5,0.0015
119.5,39.5,0.001
119.5,41.5,0.0005
120.5,5.5,0.0005
120.5,6.5,0.0005
120.5,7.5,0.0005
120.5,8.5,0.002
120.5,9.5,0.0045
120.5,10.5,0.007
120.5,11.5,0.0175
120.5,12.5,0.036
120.5,13.5,0.062
120.5,14.5,0.099
120.5,15.5,0.115
120.5,16.5,0.114
120.5,17.5,0.126
120.5,18.5,0.1065
120.5,19.5,0.0995
120.5,20.5,0.0805
120.5,21.5,0.068
120.5,22.5,0.052
120.5,23.5,0.045
120.5,24.5,0.053
120.5,25.5,0.0445
120.5,26.5,0.0355
120.5,27.5,0.029
120.5,28.5,0.026
120.5,29.5,0.0195
120.5,30.5,0.019
120.5,31.5,0.018
120.5,32.5,0.01
120.5,33.5,0.0045
120.5,34.5,0.0035
120.5,35.5,0.004
120.5,36.5,0.002
120.5,37.5,0.003
120.5,38.5,0.001
120.5,39.5,0.0005
120.5,40.5,0.001
120.5,41.5,0.0005
121.5,5.5,0.0005
121.5,6.5,0.0005
121.5,7.5,0.0005
121.5,8.5,0.0025
121.5,9.5,0.004
121.5,10.5,0.004
121.5,11.5,0.0185
121.5,12.5,0.0385
121.5,13.5,0.0685
121.5,14.5,0.1055
121.5,15.5,0.12
121.5,16.5,0.1275
121.5,17.5,0.1295
121.5,18.5,0.1045
121.5,19.5,0.101
121.5,20.5,0.0825
121.5,21.5,0.0725
121.5,22.5,0.0465
121.5,23.5,0.0505
121.5,24.5,0.049
121.5,25.5,0.045
121.5,26.5,0.0415
121.5,27.5,0.0315
121.5,28.5,0.03
121.5,29.5,0.031
121.5,30.5,0.022
121.5,31.5,0.0185
121.5,32.5,0.0155
121.5,33.5,0.0075
121.5,34.5,0.0055
121.5,35.5,0.005
121.5,36.5,0.0045
121.5,37.5,0.002
121.5,38.5,0.001
121.5,39.5,0.0005
121.5,40.5,0.001
121.5,41.5,0.0005
122.5,5.5,0.0005
122.5,6.5,0.001
122.5,7.5,0.0005
122.5,8.5,0.002
122.5,9.5,0.003
122.5,10.5,0.0055
122.5,11.5,0.0225
122.5,12.5,0.045
122.5,13.5,0.0825
122.5,14.5,0.112
122.5,15.5,0.139
122.5,16.5,0.143
122.5,17.5,0.1195
122.5,18.5,0.112
122.5,19.5,0.099
122.5,20.5,0.075
122.5,21.5,0.069
122.5,22.5,0.054
122.5,23.5,0.051
122.5,24.5,0.0435
122.5,25.5,0.051
122.5,26.5,0.0435
122.5,27.5,0.038
122.5,28.5,0.0295
122.5,29.5,0.0305
122.5,30.5,0.0245
122.5,31.5,0.0215
122.5,32.5,0.019
122.5,33.5,0.01
122.5,34.5,0.0045
122.5,35.5,0.0045
122.5,36.5,0.006
122.5,37.5,0.004
122.5,38.5,0.002
122.5,39.5,0.0005
122.5,40.5,0.0005
122.5,41.5,0.0005
123.5,6.5,0.0005
123.5,7.5,0.0005
123.5,8.5,0.0025
123.5,9.5,0.0035
123.5,10.5,0.007
123.5,11.5,0.024
123.5,12.5,0.0485
123.5,13.5,0.085
123.5,14.5,0.136
123.5,15.5,0.159
123.5,16.5,0.144
123.5,17.5,0.126
123.5,18.5,0.1075
123.5,19.5,0.093
123.5,20.5,0.072
123.5,21.5,0.0615
123.5,22.5,0.0515
123.5,23.5,0.049
123.5,24.5,0.0425
123.5,25.5,0.0435
123.5,26.5,0.0475
123.5,27.5,0.044
123.5,28.5,0.034
123.5,29.5,0.028
123.5,30.5,0.0235
123.5,31.5,0.022
123.5,32.5,0.0175
123.5,33.5,0.013
123.5,34.5,0.0055
123.5,35.5,0.0055
123.5,36.5,0.0055
123.5,37.5,0.0055
123.5,38.5,0.002
123.5,40.5,0.001
123.5,41.5,0.0005
124.5,6.5,0.0005
124.5,7.5,0.001
124.5,8.5,0.003
124.5,9.5,0.0055
124.5,10.5,0.0075
124.5,11.5,0.027
124.5,12.5,0.056
124.5,13.5,0.1075
124.5,14.5,0.155
124.5,15.5,0.169
124.5,16.5,0.1485
124.5,17.5,0.135
124.5,18.5,0.091
124.5,19.5,0.08
124.5,20.5,0.062
124.5,21.5,0.0555
124.5,22.5,0.048
124.5,23.5,0.059
124.5,24.5,0.0495
124.5,25.5,0.04
124.5,26.5,0.049
124.5,27.5,0.048
124.5,28.5,0.037
124.5,29.5,0.033
124.5,30.5,0.028
124.5,31.5,0.023
124.5,32.5,0.027
124.5,33.5,0.019
124.5,34.5,0.011
124.5,35.5,0.0055
124.5,36.5,0.007
124.5,37.5,0.007
124.5,38.5,0.004
124.5,39.5,0.001
124.5,40.5,0.001
124.5,41.5,0.0005
124.5,42.5,0.0005
125.5,7.5,0.001
125.5,8.5,0.004
125.5,9.5,0.005
125.5,10.5,0.0105
125.5,11.5,0.029
125.5,12.5,0.0695
125.5,13.5,0.1285
125.5,14.5,0.174
125.5,15.5,0.188
125.5,16.5,0.151
125.5,17.5,0.11
125.5,18.5,0.094
125.5,19.5,0.0725
125.5,20.5,0.055
125.5,21.5,0.054
125.5,22.5,0.055
125.5,23.5,0.0555
125.5,24.5,0.049
125.5,25.5,0.045
125.5,26.5,0.045
125.5,27.5,0.043
125.5,28.5,0.041
125.5,29.5,0.036
125.5,30.5,0.0325
125.5,31.5,0.0235
125.5,32.5,0.023
125.5,33.5,0.017
125.5,34.5,0.0135
125.5,35.5,0.0075
125.5,36.5,0.0045
125.5,37.5,0.008
125.5,38.5,0.0035
125.5,39.5,0.002
125.5,40.5,0.0015
125.5,42.5,0.0005
126.5,6.5,0.0005
126.5,7.5,0.001
126.5,8.5,0.004
126.5,9.5,0.007
126.5,10.5,0.016
126.5,11.5,0.0285
126.5,12.5,0.0875
126.5,13.5,0.1465
126.5,14.5,0.203
126.5,15.5,0.192
126.5,16.5,0.1345
126.5,17.5,0.107
126.5,18.5,0.083
126.5,19.5,0.059
126.5,20.5,0.059
126.5,21.5,0.0485
126.5,22.5,0.0485
126.5,23.5,0.051
126.5,24.5,0.0515
126.5,25.5,0.051
126.5,26.5,0.041
126.5,27.5,0.0365
126.5,28.5,0.043
126.5,29.5,0.0375
126.5,30.5,0.032
126.5,31.5,0.0255
126.5,32.5,0.024
126.5,33.5,0.018
126.5,34.5,0.0135
126.5,35.5,0.011
126.5,36.5,0.0075
126.5,37.5,0.007
126.5,38.5,0.0055
126.5,39.5,0.0025
126.5,40.5,0.001
126.5,41.5,0.0005
126.5,42.5,0.001
126.5,43.5,0.0005
127.5,5.5,0.0005
127.5,6.5,0.0005
127.5,7.5,0.0005
127.5,8.5,0.002
127.5,9.5,0.006
127.5,10.5,0.0145
127.5,11.5,0.0385
127.5,12.5,0.1025
127.5,13.5,0.1765
127.5,14.5,0.2365
127.5,15.5,0.189
127.5,16.5,0.123
127.5,17.5,0.0945
127.5,18.5,0.074
127.5,19.5,0.061
127.5,20.5,0.063
127.5,21.5,0.0435
127.5,22.5,0.042
127.5,23.5,0.045
127.5,24.5,0.047
127.5,25.5,0.0515
127.5,26.5,0.044
127.5,27.5,0.041
127.5,28.5,0.0375
127.5,29.5,0.0345
127.5,30.5,0.036
127.5,31.5,0.029
127.5,32.5,0.0245
127.5,33.5,0.025
127.5,34.5,0.0155
127.5,35.5,0.0135
127.5,36.5,0.011
127.5,37.5,0.0085
127.5,38.5,0.007
127.5,39.5,0.004
127.5,40.5,0.0005
127.5,42.5,0.0005
127.5,43.5,0.001
127.5,44.5,0.0005
128.5,7.5,0.0005
128.5,8.5,0.002
128.5,9.5,0.0065
128.5,10.5,0.01
128.5,11.5,0.0375
128.5,12.5,0.1115
128.5,13.5,0.223
128.5,14.5,0.269
128.5,15.5,0.178
128.5,16.5,0.1165
128.5,17.5,0.0935
128.5,18.5,0.073
128.5,19.5,0.0545
128.5,20.5,0.0485
128.5,21.5,0.045
128.5,22.5,0.0435
128.5,23.5,0.0395
128.5,24.5,0.0445
128.5,25.5,0.0495
128.5,26.5,0.046
128.5,27.5,0.0445
128.5,28.5,0.0405
128.5,29.5,0.035
128.5,30.5,0.0315
128.5,31.5,0.039
128.5,32.5,0.026
128.5,33.5,0.027
128.5,34.5,0.018
128.5,35.5,0.0145
128.5,36.5,0.01
128.5,37.5,0.011
128.5,38.5,0.008
128.5,39.5,0.005
128.5,40.5,0.001
128.5,42.5,0.0005
128.5,43.5,0.001
128.5,44.5,0.0005
129.5,7.5,0.0005
129.5,8.5,0.003
129.5,9.5,0.0065
129.5,10.5,0.01
129.5,11.5,0.0325
129.5,12.5,0.1435
129.5,13.5,0.3345
129.5,14.5,0.2835
129.5,15.5,0.155
129.5,16.5,0.1065
129.5,17.5,0.0875
129.5,18.5,0.0625
129.5,19.5,0.051
129.5,20.5,0.043
129.5,21.5,0.039
129.5,22.5,0.043
129.5,23.5,0.0385
129.5,24.5,0.034
129.5,25.5,0.0365
129.5,26.5,0.047
129.5,27.5,0.051
129.5,28.5,0.043
129.5,29.5,0.0425
129.5,30.5,0.032
129.5,31.5,0.039
129.5,32.5,0.027
129.5,33.5,0.0255
129.5,34.5,0.021
129.5,35.5,0.0155
129.5,36.5,0.011
129.5,37.5,0.009
129.5,38.5,0.012
129.5,39.5,0.009
129.5,40.5,0.0025
129.5,41.5,0.001
129.5,42.5,0.0005
129.5,44.5,0.0005
130.5,7.5,0.0005
130.5,8.5,0.0015
130.5,9.5,0.0055
130.5,10.5,0.009
130.5,11.5,0.022
130.5,12.5,0.1775
130.5,13.5,0.4725
130.5,14.5,0.261
130.5,15.5,0.14
130.5,16.5,0.0945
130.5,17.5,0.0635
130.5,18.5,0.0545
130.5,19.5,0.048
130.5,20.5,0.042
130.5,21.5,0.038
130.5,22.5,0.0395
130.5,23.5,0.0415
130.5,24.5,0.0405
130.5,25.5,0.044
130.5,26.5,0.045
130.5,27.5,0.055
130.5,28.5,0.054
130.5,29.5,0.041
130.5,30.5,0.033
130.5,31.5,0.035
130.5,32.5,0.034
130.5,33.5,0.026
130.5,34.5,0.0245
130.5,35.5,0.0185
130.5,36.5,0.0125
130.5,37.5,0.007
130.5,38.5,0.0085
130.5,39.5,0.01
130.5,40.5,0.0065
130.5,41.5,0.0015
130.5,42.5,0.001
130.5,43.5,0.0005
130.5,44.5,0.0005
131.5,7.5,0.0005
131.5,8.5,0.0015
131.5,9.5,0.005
131.5,10.5,0.008
131.5,11.5,0.0175
131.5,12.5,0.211
131.5,13.5,0.659
131.5,14.5,0.211
131.5,15.5,0.1085
131.5,16.5,0.0785
131.5,17.5,0.0525
131.5,18.5,0.046
131.5,19.5,0.0415
131.5,20.5,0.045
131.5,21.5,0.0415
131.5,22.5,0.0395
131.5,23.5,0.04
131.5,24.5,0.0375
131.5,25.5,0.0425
131.5,26.5,0.041
131.5,27.5,0.052
131.5,28.5,0.0565
131.5,29.5,0.05
131.5,30.5,0.043
131.5,31.5,0.0365
131.5,32.5,0.0365
131.5,33.5,0.0275
131.5,34.5,0.0275
131.5,35.5,0.0205
131.5,36.5,0.018
131.5,37.5,0.0085
131.5,38.5,0.008
131.5,39.5,0.0075
131.5,40.5,0.006
131.5,41.5,0.0025
131.5,42.5,0.0005
131.5,43.5,0.0005
132.5,7.5,0.0005
132.5,8.5,0.0015
132.5,9.5,0.003
132.5,10.5,0.0045
132.5,11.5,0.0105
132.5,12.5,0.065
132.5,13.5,1.0
132.5,14.5,0.122
132.5,15.5,0.0765
132.5,16.5,0.05
132.5,17.5,0.047
132.5,18.5,0.0395
132.5,19.5,0.0325
132.5,20.5,0.0335
132.5,21.5,0.034
132.5,22.5,0.0415
132.5,23.5,0.042
132.5,24.5,0.041
132.5,25.5,0.0385
132.5,26.5,0.035
132.5,27.5,0.043
132.5,28.5,0.057
132.5,29.5,0.051
132.5,30.5,0.045
132.5,31.5,0.038
132.5,32.5,0.0365
132.5,33.5,0.034
132.5,34.5,0.027
132.5,35.5,0.0215
132.5,36.5,0.019
132.5,37.5,0.0145
132.5,38.5,0.009
132.5,39.5,0.01
132.5,40.5,0.0065
132.5,41.5,0.005
132.5,42.5,0.001
132.5,43.5,0.001
132.5,44.5,0.0005
133.5,7.5,0.001
133.5,8.5,0.0015
133.5,9.5,0.002
133.5,10.5,0.002
133.5,11.5,0.0055
133.5,12.5,0.026
133.5,13.5,0.069
133.5,14.5,0.074
133.5,15.5,0.0585
133.5,16.5,0.042
133.5,17.5,0.03
133.5,18.5,0.0295
133.5,19.5,0.0285
133.5,20.5,0.03
133.5,21.5,0.0295
133.5,22.5,0.0315
133.5,23.5,0.038
133.5,24.5,0.045
133.5,25.5,0.0415
133.5,26.5,0.045
133.5,27.5,0.0435
133.5,28.5,0.0535
133.5,29.5,0.0535
133.5,30.5,0.042
133.5,31.5,0.045
133.5,32.5,0.0355
133.5,33.5,0.029
133.5,34.5,0.028
133.5,35.5,0.0275
133.5,36.5,0.0205
133.5,37.5,0.014
133.5,38.5,0.0125
133.5,39.5,0.012
133.5,40.5,0.007
133.5,41.5,0.006
133.5,42.5,0.0055
133.5,43.5,0.0005
134.5,6.5,0.0005
134.5,7.5,0.0005
134.5,8.5,0.0005
134.5,9.5,0.002
134.5,10.5,0.002
134.5,11.5,0.006
134.5,12.5,0.0125
134.5,13.5,0.0335
134.5,14.5,0.0385
134.5,15.5,0.0385
134.5,16.5,0.034
134.5,17.5,0.033
134.5,18.5,0.027
134.5,19.5,0.0275
134.5,20.5,0.0245
134.5,21.5,0.025
134.5,22.5,0.029
134.5,23.5,0.0365
134.5,24.5,0.039
134.5,25.5,0.038
134.5,26.5,0.0435
134.5,27.5,0.0455
134.5,28.5,0.045
134.5,29.5,0.051
134.5,30.5,0.042
134.5,31.5,0.0515
134.5,32.5,0.049
134.5,33.5,0.0295
134.5,34.5,0.027
134.5,35.5,0.026
134.5,36.5,0.026
134.5,37.5,0.0145
134.5,38.5,0.012
134.5,39.5,0.0105
134.5,40.5,0.008
134.5,41.5,0.003
134.5,42.5,0.005
134.5,43.5,0.001
135.5,6.5,0.0005
135.5,9.5,0.002
135.5,10.5,0.003
135.5,11.5,0.0045
135.5,12.5,0.0065
135.5,13.5,0.018
135.5,14.5,0.023
135.5,15.5,0.0305
135.5,16.5,0.024
135.5,17.5,0.0255
135.5,18.5,0.0235
135.5,19.5,0.023
135.5,20.5,0.0255
135.5,21.5,0.025
135.5,22.5,0.022
135.5,23.5,0.028
135.5,24.5,0.0365
135.5,25.5,0.034
135.5,26.5,0.0365
135.5,27.5,0.048
135.5,28.5,0.048
135.5,29.5,0.0445
135.5,30.5,0.0435
135.5,31.5,0.0465
135.5,32.5,0.0485
135.5,33.5,0.0355
135.5,34.5,0.029
135.5,35.5,0.0245
135.5,36.5,0.026
135.5,37.5,0.0215
135.5,38.5,0.0125
135.5,39.5,0.0125
135.5,40.5,0.009
135.5,41.5,0.0045
135.5,42.5,0.0045
135.5,43.5,0.002
135.5,44.5,0.0005
136.5,6.5,0.0005
136.5,7.5,0.0005
136.5,9.5,0.001
136.5,10.5,0.0015
136.5,11.5,0.004
136.5,12.5,0.006
136.5,13.5,0.0105
136.5,14.5,0.014
136.5,15.5,0.0205
136.5,16.5,0.0215
136.5,17.5,0.025
136.5,18.5,0.023
136.5,19.5,0.017
136.5,20.5,0.014
136.5,21.5,0.0175
136.5,22.5,0.0205
136.5,23.5,0.024
136.5,24.5,0.036
136.5,25.5,0.0355
136.5,26.5,0.0355
136.5,27.5,0.046
136.5,28.5,0.0525
136.5,29.5,0.046
136.5,30.5,0.0465
136.5,31.5,0.041
136.5,32.5,0.046
136.5,33.5,0.043
136.5,34.5,0.0335
136.5,35.5,0.0285
136.5,36.5,0.028
136.5,37.5,0.0225
136.5,38.5,0.0135
136.5,39.5,0.014
136.5,40.5,0.0095
136.5,41.5,0.0075
136.5,42.5,0.0045
136.5,43.5,0.0035
136.5,44.5,0.0005
137.5,7.5,0.0005
137.5,8.5,0.0005
137.5,9.5,0.0015
137.5,10.5,0.0015
137.5,11.5,0.002
137.5,12.5,0.005
137.5,13.5,0.0065
137.5,14.5,0.009
137.5,15.5,0.0135
137.5,16.5,0.0175
137.5,17.5,0.015
137.5,18.5,0.0155
137.5,19.5,0.0185
137.5,20.5,0.014
137.5,21.5,0.016
137.5,22.5,0.015
137.5,23.5,0.015
137.5,24.5,0.026
137.5,25.5,0.036
137.5,26.5,0.0325
137.5,27.5,0.039
137.5,28.5,0.05
137.5,29.5,0.0485
137.5,30.5,0.0405
137.5,31.5,0.0465
137.5,32.5,0.0455
137.5,33.5,0.042
137.5,34.5,0.037
137.5,35.5,0.032
137.5,36.5,0.0295
137.5,37.5,0.027
137.5,38.5,0.0195
137.5,39.5,0.0145
137.5,40.5,0.0105
137.5,41.5,0.009
137.5,42.5,0.0045
137.5,43.5,0.004
137.5,44.5,0.001
138.5,10.5,0.002
138.5,11.5,0.002
138.5,12.5,0.0045
138.5,13.5,0.005
138.5,14.5,0.009
138.5,15.5,0.012
138.5,16.5,0.014
138.5,17.5,0.0135
138.5,18.5,0.01
138.5,19.5,0.0145
138.5,20.5,0.014
138.5,21.5,0.013
138.5,22.5,0.012
138.5,23.5,0.0145
138.5,24.5,0.0185
138.5,25.5,0.0305
138.5,26.5,0.0385
138.5,27.5,0.037
138.5,28.5,0.045
138.5,29.5,0.056
138.5,30.5,0.0455
138.5,31.5,0.0445
138.5,32.5,0.047
138.5,33.5,0.038
138.5,34.5,0.0385
138.5,35.5,0.0325
138.5,36.5,0.0275
138.5,37.5,0.029
138.5,38.5,0.0215
138.5,39.5,0.0155
138.5,40.5,0.012
138.5,41.5,0.0075
138.5,42.5,0.0065
138.5,43.5,0.003
138.5,44.5,0.001
139.5,10.5,0.001
139.5,11.5,0.002
139.5,12.5,0.0035
139.5,13.5,0.005
139.5,14.5,0.005
139.5,15.5,0.008
139.5,16.5,0.0095
139.5,17.5,0.0115
139.5,18.5,0.01
139.5,19.5,0.0095
139.5,20.5,0.012
139.5,21.5,0.0115
139.5,22.5,0.01
139.5,23.5,0.0145
139.5,24.5,0.015
139.5,25.5,0.019
139.5,26.5,0.034
139.5,27.5,0.035
139.5,28.5,0.0385
139.5,29.5,0.0525
139.5,30.5,0.052
139.5,31.5,0.0475
139.5,32.5,0.0495
139.5,33.5,0.0425
139.5,34.5,0.0395
139.5,35.5,0.0315
139.5,36.5,0.0295
139.5,37.5,0.029
139.5,38.5,0.0235
139.5,39.5,0.02
139.5,40.5,0.0105
139.5,41.5,0.0085
139.5,42.5,0.007
139.5,43.5,0.004
139.5,44.5,0.001
140.5,11.5,0.0015
140.5,12.5,0.0025
140.5,13.5,0.002
140.5,14.5,0.002
140.5,15.5,0.005
140.5,16.5,0.0085
140.5,17.5,0.009
140.5,18.5,0.01
140.5,19.5,0.0115
140.5,20.5,0.0095
140.5,21.5,0.011
140.5,22.5,0.011
140.5,23.5,0.012
140.5,24.5,0.0185
140.5,25.5,0.018
140.5,26.5,0.0235
140.5,27.5,0.0375
140.5,28.5,0.0405
140.5,29.5,0.0425
140.5,30.5,0.0565
140.5,31.5,0.047
140.5,32.5,0.045
140.5,33.5,0.046
140.5,34.5,0.045
140.5,35.5,0.035
140.5,36.5,0.0335
140.5,37.5,0.032
140.5,38.5,0.024
140.5,39.5,0.023
140.5,40.5,0.015
140.5,41.5,0.0105
140.5,42.5,0.009
140.5,43.5,0.005
140.5,44.5,0.002
141.5,11.5,0.0005
141.5,12.5,0.0015
141.5,13.5,0.003
141.5,14.5,0.002
141.5,15.5,0.002
141.5,16.5,0.003
141.5,17.5,0.0065
141.5,18.5,0.008
141.5,19.5,0.01
141.5,20.5,0.0095
141.5,21.5,0.0105
141.5,22.5,0.014
141.5,23.5,0.013
141.5,24.5,0.0145
141.5,25.5,0.016
141.5,26.5,0.022
141.5,27.5,0.0315
141.5,28.5,0.029
141.5,29.5,0.039
141.5,30.5,0.051
141.5,31.5,0.051
141.5,32.5,0.048
141.5,33.5,0.044
141.5,34.5,0.0415
141.5,35.5,0.035
141.5,36.5,0.033
141.5,37.5,0.033
141.5,38.5,0.0255
141.5,39.5,0.0205
141.5,40.5,0.014
141.5,41.5,0.008
141.5,42.5,0.0085
141.5,43.5,0.007
141.5,44.5,0.0025
142.5,11.5,0.0005
142.5,13.5,0.002
142.5,14.5,0.003
142.5,15.5,0.002
142.5,16.5,0.0025
142.5,17.5,0.004
142.5,18.5,0.0075
142.5,19.5,0.007
142.5,20.5,0.0085
142.5,21.5,0.007
142.5,22.5,0.0095
142.5,23.5,0.0095
142.5,24.5,0.014
142.5,25.5,0.016
142.5,26.5,0.0145
142.5,27.5,0.0335
142.5,28.5,0.032
142.5,29.5,0.037
142.5,30.5,0.0435
142.5,31.5,0.0575
142.5,32.5,0.0485
142.5,33.5,0.047
142.5,34.5,0.0435
142.5,35.5,0.04
142.5,36.5,0.0365
142.5,37.5,0.032
142.5,38.5,0.029
142.5,39.5,0.02
142.5,40.5,0.0195
142.5,41.5,0.008
142.5,42.5,0.007
142.5,43.5,0.0075
142.5,44.5,0.0025
143.5,11.5,0.0005
143.5,13.5,0.0005
143.5,14.5,0.0015
143.5,15.5,0.002
143.5,16.5,0.003
143.5,17.5,0.0025
143.5,18.5,0.0055
143.5,19.5,0.0055
143.5,20.5,0.0085
143.5,21.5,0.0095
143.5,22.5,0.008
143.5,23.5,0.008
143.5,24.5,0.014
143.5,25.5,0.014
143.5,26.5,0.012
143.5,27.5,0.0195
143.5,28.5,0.0315
143.5,29.5,0.039
143.5,30.5,0.0395
143.5,31.5,0.049
143.5,32.5,0.0545
143.5,33.5,0.0475
143.5,34.5,0.0455
143.5,35.5,0.0375
143.5,36.5,0.0365
143.5,37.5,0.0335
143.5,38.5,0.0285
143.5,39.5,0.0215
143.5,40.5,0.019
143.5,41.5,0.013
143.5,42.5,0.0075
143.5,43.5,0.006
143.5,44.5,0.0045
144.5,11.5,0.0005
144.5,13.5,0.0005
144.5,14.5,0.001
144.5,15.5,0.0005
144.5,16.5,0.0025
144.5,17.5,0.003
144.5,18.5,0.005
144.5,19.5,0.0065
144.5,20.5,0.0075
144.5,21.5,0.0085
144.5,22.5,0.008
144.5,23.5,0.011
144.5,24.5,0.01
144.5,25.5,0.0125
144.5,26.5,0.014
144.5,27.5,0.016
144.5,28.5,0.0245
144.5,29.5,0.0335
144.5,30.5,0.039
144.5,31.5,0.039
144.5,32.5,0.0505
144.5,33.5,0.049
144.5,34.5,0.0445
144.5,35.5,0.041
144.5,36.5,0.034
144.5,37.5,0.035
144.5,38.5,0.0295
144.5,39.5,0.0285
144.5,40.5,0.0205
144.5,41.5,0.0155
144.5,42.5,0.01
144.5,43.5,0.006
144.5,44.5,0.003
145.5,11.5,0.0005
145.5,12.5,0.0005
145.5,13.5,0.0005
145.5,14.5,0.0015
145.5,16.5,0.0005
145.5,17.5,0.0025
145.5,18.5,0.0035
145.5,19.5,0.004
145.5,20.5,0.0065
145.5,21.5,0.0095
145.5,22.5,0.0105
145.5,23.5,0.0105
145.5,24.5,0.0075
145.5,25.5,0.0105
145.5,26.5,0.0145
145.5,27.5,0.0175
145.5,28.5,0.0245
145.5,29.5,0.032
145.5,30.5,0.037
145.5,31.5,0.0425
145.5,32.5,0.0505
145.5,33.5,0.052
145.5,34.5,0.0415
145.5,35.5,0.0435
145.5,36.5,0.038
145.5,37.5,0.0345
145.5,38.5,0.0315
145.5,39.5,0.0295
145.5,40.5,0.0235
145.5,41.5,0.0155
145.5,42.5,0.0105
145.5,43.5,0.0075
145.5,44.5,0.003
146.5,12.5,0.0005
146.5,13.5,0.0005
146.5,14.5,0.001
146.5,15.5,0.0005
146.5,16.5,0.0005
146.5,17.5,0.0015
146.5,18.5,0.003
146.5,19.5,0.0045
146.5,20.5,0.0045
146.5,21.5,0.005
146.5,22.5,0.012
146.5,23.5,0.0115
146.5,24.5,0.0065
146.5,25.5,0.0115
146.5,26.5,0.014
146.5,27.5,0.016
146.5,28.5,0.0185
146.5,29.5,0.029
146.5,30.5,0.03
146.5,31.5,0.039
146.5,32.5,0.048
146.5,33.5,0.0525
146.5,34.5,0.0485
146.5,35.5,0.039
146.5,36.5,0.042
146.5,37.5,0.035
146.5,38.5,0.0335
146.5,39.5,0.0285
146.5,40.5,0.027
146.5,41.5,0.015
146.5,42.5,0.013
146.5,43.5,0.008
146.5,44.5,0.006
147.5,13.5,0.0005
147.5,14.5,0.0005
147.5,15.5,0.0005
147.5,17.5,0.0005
147.5,18.5,0.001
147.5,19.5,0.0025
147.5,20.5,0.004
147.5,21.5,0.0035
147.5,22.5,0.007
147.5,23.5,0.01
147.5,24.5,0.011
147.5,25.5,0.0105
147.5,26.5,0.012
147.5,27.5,0.0175
147.5,28.5,0.0205
147.5,29.5,0.0285
147.5,30.5,0.0285
147.5,31.5,0.0325
147.5,32.5,0.0435
147.5,33.5,0.049
147.5,34.5,0.049
147.5,35.5,0.04
147.5,36.5,0.04
147.5,37.5,0.0405
147.5,38.5,0.0335
147.5,39.5,0.0255
147.5,40.5,0.025
147.5,41.5,0.019
147.5,42.5,0.0125
147.5,43.5,0.0085
147.5,44.5,0.0065
148.5,15.5,0.001
148.5,16.5,0.0005
148.5,19.5,0.001
148.5,20.5,0.0025
148.5,21.5,0.003
148.5,22.5,0.004
148.5,23.5,0.0035
148.5,24.5,0.011
148.5,25.5,0.0075
148.5,26.5,0.01
148.5,27.5,0.013
148.5,28.5,0.0185
148.5,29.5,0.0245
148.5,30.5,0.0275
148.5,31.5,0.034
148.5,32.5,0.0415
148.5,33.5,0.052
148.5,34.5,0.0505
148.5,35.5,0.0435
148.5,36.5,0.039
148.5,37.5,0.04
148.5,38.5,0.04
148.5,39.5,0.024
148.5,40.5,0.0225
148.5,41.5,0.0215
148.5,42.5,0.014
148.5,43.5,0.0095
148.5,44.5,0.007
149.5,15.5,0.0005
149.5,16.5,0.0005
149.5,17.5,0.0005
149.5,18.5,0.0005
149.5,19.5,0.001
149.5,20.5,0.003
149.5,21.5,0.003
149.5,22.5,0.001
149.5,23.5,0.002
149.5,24.5,0.0065
149.5,25.5,0.007
149.5,26.5,0.0085
149.5,27.5,0.011
149.5,28.5,0.019
149.5,29.5,0.023
149.5,30.5,0.0305
149.5,31.5,0.0295
149.5,32.5,0.034
149.5,33.5,0.0485
149.5,34.5,0.0495
149.5,35.5,0.0445
149.5,36.5,0.041
149.5,37.5,0.043
149.5,38.5,0.0455
149.5,39.5,0.026
149.5,40.5,0.0255
149.5,41.5,0.021
149.5,42.5,0.0185
149.5,43.5,0.0085
149.5,44.5,0.0055
150.5,15.5,0.0005
150.5,18.5,0.0005
150.5,19.5,0.0015
150.5,20.5,0.003
150.5,21.5,0.003
150.5,22.5,0.002
150.5,23.5,0.003
150.5,24.5,0.003
150.5,25.5,0.006
150.5,26.5,0.0075
150.5,27.5,0.012
150.5,28.5,0.0165
150.5,29.5,0.022
150.5,30.5,0.0325
150.5,31.5,0.032
150.5,32.5,0.036
150.5,33.5,0.043
150.5,34.5,0.049
150.5,35.5,0.0415
150.5,36.5,0.0385
150.5,37.5,0.039
150.5,38.5,0.044
150.5,39.5,0.0325
150.5,40.5,0.025
150.5,41.5,0.023
150.5,42.5,0.0195
150.5,43.5,0.013
150.5,44.5,0.0025
151.5,16.5,0.0005
151.5,17.5,0.0005
151.5,18.5,0.0005
151.5,19.5,0.0005
151.5,20.5,0.0025
151.5,21.5,0.002
151.5,22.5,0.0015
151.5,23.5,0.0035
151.5,24.5,0.0035
151.5,25.5,0.006
151.5,26.5,0.01
151.5,27.5,0.012
151.5,28.5,0.0125
151.5,29.5,0.016
151.5,30.5,0.0275
151.5,31.5,0.038
151.5,32.5,0.0315
151.5,33.5,0.0365
151.5,34.5,0.0505
151.5,35.5,0.0445
151.5,36.5,0.0405
151.5,37.5,0.0395
151.5,38.5,0.0385
151.5,39.5,0.0375
151.5,40.5,0.025
151.5,41.5,0.0225
151.5,42.5,0.0185
151.5,43.5,0.0165
151.5,44.5,0.0055
152.5,18.5,0.001
152.5,19.5,0.001
152.5,20.5,0.0025
152.5,21.5,0.0025
152.5,22.5,0.002
152.5,23.5,0.003
152.5,24.5,0.004
152.5,25.5,0.004
152.5,26.5,0.0095
152.5,27.5,0.0105
152.5,28.5,0.012
152.5,29.5,0.016
152.5,30.5,0.0255
152.5,31.5,0.0355
152.5,32.5,0.0285
152.5,33.5,0.0355
152.5,34.5,0.0465
152.5,35.5,0.0465
152.5,36.5,0.044
152.5,37.5,0.0375
152.5,38.5,0.0395
152.5,39.5,0.035
152.5,40.5,0.0325
152.5,41.5,0.024
152.5,42.5,0.02
152.5,43.5,0.015
152.5,44.5,0.0065
153.5,19.5,0.0005
153.5,20.5,0.0015
153.5,21.5,0.0015
153.5,22.5,0.002
153.5,23.5,0.0025
153.5,24.5,0.0035
153.5,25.5,0.005
153.5,26.5,0.008
153.5,27.5,0.0125
153.5,28.5,0.015
153.5,29.5,0.0115
153.5,30.5,0.025
153.5,31.5,0.03
153.5,32.5,0.0345
153.5,33.5,0.0335
153.5,34.5,0.042
153.5,35.5,0.0455
153.5,36.5,0.04
153.5,37.5,0.0375
153.5,38.5,0.0385
153.5,39.5,0.0365
153.5,40.5,0.0335
153.5,41.5,0.0245
153.5,42.5,0.021
153.5,43.5,0.015
153.5,44.5,0.0075
154.5,21.5,0.0015
154.5,22.5,0.001
154.5,23.5,0.0015
154.5,24.5,0.0035
154.5,25.5,0.005
154.5,26.5,0.0045
154.5,27.5,0.011
154.5,28.5,0.013
154.5,29.5,0.0115
154.5,30.5,0.018
154.5,31.5,0.0255
154.5,32.5,0.031
154.5,33.5,0.0335
154.5,34.5,0.04
154.5,35.5,0.043
154.5,36.5,0.0425
154.5,37.5,0.0375
154.5,38.5,0.037
154.5,39.5,0.04
154.5,40.5,0.0375
154.5,41.5,0.027
154.5,42.5,0.0225
154.5,43.5,0.0145
154.5,44.5,0.0085
155.5,21.5,0.0015
155.5,22.5,0.001
155.5,23.5,0.0005
155.5,24.5,0.0025
155.5,25.5,0.0055
155.5,26.5,0.005
155.5,27.5,0.008
155.5,28.5,0.0135
155.5,29.5,0.012
155.5,30.5,0.015
155.5,31.5,0.0235
155.5,32.5,0.029
155.5,33.5,0.031
155.5,34.5,0.0365
155.5,35.5,0.0405
155.5,36.5,0.043
155.5,37.5,0.042
155.5,38.5,0.0355
155.5,39.5,0.0385
155.5,40.5,0.0335
155.5,41.5,0.0305
155.5,42.5,0.0265
155.5,43.5,0.015
155.5,44.5,0.0095
156.5,21.5,0.001
156.5,22.5,0.002
156.5,23.5,0.0005
156.5,24.5,0.001
156.5,25.5,0.0035
156.5,26.5,0.0035
156.5,27.5,0.0075
156.5,28.5,0.0125
156.5,29.5,0.014
156.5,30.5,0.013
156.5,31.5,0.018
156.5,32.5,0.029
156.5,33.5,0.0295
156.5,34.5,0.037
156.5,35.5,0.039
156.5,36.5,0.0415
156.5,37.5,0.043
156.5,38.5,0.034
156.5,39.5,0.042
156.5,40.5,0.035
156.5,41.5,0.032
156.5,42.5,0.03
156.5,43.5,0.017
156.5,44.5,0.0115
157.5,22.5,0.002
157.5,23.5,0.001
157.5,24.5,0.0015
157.5,25.5,0.003
157.5,26.5,0.004
157.5,27.5,0.0035
157.5,28.5,0.011
157.5,29.5,0.0135
157.5,30.5,0.0115
157.5,31.5,0.0185
157.5,32.5,0.026
157.5,33.5,0.0265
157.5,34.5,0.037
157.5,35.5,0.0395
157.5,36.5,0.0395
157.5,37.5,0.0415
157.5,38.5,0.033
157.5,39.5,0.0395
157.5,40.5,0.033
157.5,41.5,0.033
157.5,42.5,0.0345
157.5,43.5,0.0195
157.5,44.5,0.013
158.5,22.5,0.001
158.5,23.5,0.001
158.5,24.5,0.001
158.5,25.5,0.002
158.5,26.5,0.004
158.5,27.5,0.003
158.5,28.5,0.007
158.5,29.5,0.012
158.5,30.5,0.0115
158.5,31.5,0.015
158.5,32.5,0.023
158.5,33.5,0.027
158.5,34.5,0.032
158.5,35.5,0.0425
158.5,36.5,0.04
158.5,37.5,0.0375
158.5,38.5,0.035
158.5,39.5,0.039
158.5,40.5,0.0355
158.5,41.5,0.0335
158.5,42.5,0.032
158.5,43.5,0.0195
158.5,44.5,0.0135
159.5,22.5,0.001
159.5,23.5,0.0015
159.5,24.5,0.001
159.5,25.5,0.002
159.5,26.5,0.004
159.5,27.5,0.0035
159.5,28.5,0.0045
159.5,29.5,0.0085
159.5,30.5,0.0125
159.5,31.5,0.0145
159.5,32.5,0.018
159.5,33.5,0.0245
159.5,34.5,0.03
159.5,35.5,0.0375
159.5,36.5,0.042
159.5,37.5,0.033
159.5,38.5,0.0355
159.5,39.5,0.034
159.5,40.5,0.0355
159.5,41.5,0.0315
159.5,42.5,0.0275
159.5,43.5,0.0225
159.5,44.5,0.011
160.5,22.5,0.0005
160.5,23.5,0.001
160.5,24.5,0.0005
160.5,25.5,0.0015
160.5,26.5,0.003
160.5,27.5,0.0055
160.5,28.5,0.0035
160.5,29.5,0.0085
160.5,30.5,0.01
160.5,31.5,0.014
160.5,32.5,0.017
160.5,33.5,0.0225
160.5,34.5,0.0295
160.5,35.5,0.035
160.5,36.5,0.0405
160.5,37.5,0.0375
160.5,38.5,0.04
160.5,39.5,0.0355
160.5,40.5,0.037
160.5,41.5,0.034
160.5,42.5,0.026
160.5,43.5,0.023
160.5,44.5,0.0105
161.5,21.5,0.0005
161.5,22.5,0.0005
161.5,23.5,0.001
161.5,24.5,0.0005
161.5,25.5,0.0005
161.5,26.5,0.0015
161.5,27.5,0.004
161.5,28.5,0.0045
161.5,29.5,0.0065
161.5,30.5,0.009
161.5,31.5,0.0145
161.5,32.5,0.0165
161.5,33.5,0.0215
161.5,34.5,0.027
161.5,35.5,0.0375
161.5,36.5,0.04
161.5,37.5,0.036
161.5,38.5,0.036
161.5,39.5,0.035
161.5,40.5,0.041
161.5,41.5,0.0315
161.5,42.5,0.0295
161.5,43.5,0.024
161.5,44.5,0.0125
162.5,21.5,0.0005
162.5,23.5,0.001
162.5,24.5,0.0005
162.5,25.5,0.001
162.5,26.5,0.002
162.5,27.5,0.002
162.5,28.5,0.0045
162.5,29.5,0.0055
162.5,30.5,0.0085
162.5,31.5,0.0105
162.5,32.5,0.0155
162.5,33.5,0.021
162.5,34.5,0.0285
162.5,35.5,0.0305
162.5,36.5,0.0395
162.5,37.5,0.0375
162.5,38.5,0.036
162.5,39.5,0.033
162.5,40.5,0.035
162.5,41.5,0.034
162.5,42.5,0.0285
162.5,43.5,0.024
162.5,44.5,0.0105
163.5,21.5,0.0005
163.5,23.5,0.0005
163.5,24.5,0.0005
163.5,25.5,0.001
163.5,26.5,0.002
163.5,27.5,0.002
163.5,28.5,0.0045
163.5,29.5,0.0055
163.5,30.5,0.009
163.5,31.5,0.0095
163.5,32.5,0.017
163.5,33.5,0.017
163.5,34.5,0.0305
163.5,35.5,0.0295
163.5,36.5,0.042
163.5,37.5,0.035
163.5,38.5,0.0345
163.5,39.5,0.0355
163.5,40.5,0.0355
163.5,41.5,0.0325
163.5,42.5,0.03
163.5,43.5,0.026
163.5,44.5,0.016
164.5,21.5,0.0005
164.5,22.5,0.0005
164.5,23.5,0.0005
164.5,24.5,0.0005
164.5,25.5,0.0015
164.5,26.5,0.002
164.5,27.5,0.0015
164.5,28.5,0.004
164.5,29.5,0.0045
164.5,30.5,0.0085
164.5,31.5,0.007
164.5,32.5,0.015
164.5,33.5,0.0135
164.5,34.5,0.026
164.5,35.5,0.0255
164.5,36.5,0.039
164.5,37.5,0.0365
164.5,38.5,0.0315
164.5,39.5,0.037
164.5,40.5,0.033
164.5,41.5,0.029
164.5,42.5,0.0285
164.5,43.5,0.026
164.5,44.5,0.015
165.5,22.5,0.0005
165.5,23.5,0.0005
165.5,24.5,0.0005
165.5,25.5,0.001
165.5,26.5,0.002
165.5,27.5,0.0015
165.5,28.5,0.004
165.5,29.5,0.0035
165.5,30.5,0.0055
165.5,31.5,0.0075
165.5,32.5,0.0125
165.5,33.5,0.018
165.5,34.5,0.0195
165.5,35.5,0.0265
165.5,36.5,0.0355
165.5,37.5,0.0335
165.5,38.5,0.0305
165.5,39.5,0.041
165.5,40.5,0.033
165.5,41.5,0.032
165.5,42.5,0.0295
165.5,43.5,0.0285
165.5,44.5,0.015
166.5,26.5,0.0015
166.5,27.5,0.002
166.5,28.5,0.005
166.5,29.5,0.004
166.5,30.5,0.0035
166.5,31.5,0.0085
166.5,32.5,0.0105
166.5,33.5,0.018
166.5,34.5,0.016
166.5,35.5,0.0265
166.5,36.5,0.0335
166.5,37.5,0.0345
166.5,38.5,0.0315
166.5,39.5,0.04
166.5,40.5,0.0375
166.5,41.5,0.03
166.5,42.5,0.0285
166.5,43.5,0.0305
166.5,44.5,0.016
167.5,27.5,0.001
167.5,28.5,0.0045
167.5,29.5,0.006
167.5,30.5,0.004
167.5,31.5,0.006
167.5,32.5,0.012
167.5,33.5,0.016
167.5,34.5,0.0195
167.5,35.5,0.0255
167.5,36.5,0.036
167.5,37.5,0.03
167.5,38.5,0.031
167.5,39.5,0.0325
167.5,40.5,0.0335
167.5,41.5,0.033
167.5,42.5,0.026
167.5,43.5,0.029
167.5,44.5,0.0215
168.5,27.5,0.0005
168.5,28.5,0.003
168.5,29.5,0.0055
168.5,30.5,0.005
168.5,31.5,0.0065
168.5,32.5,0.0115
168.5,33.5,0.0125
168.5,34.5,0.0175
168.5,35.5,0.021
168.5,36.5,0.0305
168.5,37.5,0.026
168.5,38.5,0.0285
168.5,39.5,0.0315
168.5,40.5,0.034
168.5,41.5,0.03
168.5,42.5,0.025
168.5,43.5,0.02
168.5,44.5,0.017
169.5,28.5,0.002
169.5,29.5,0.004
169.5,30.5,0.0055
169.5,31.5,0.0065
169.5,32.5,0.0095
169.5,33.5,0.0125
169.5,34.5,0.014
169.5,35.5,0.0195
169.5,36.5,0.0275
169.5,37.5,0.033
169.5,38.5,0.03
169.5,39.5,0.027
169.5,40.5,0.036
169.5,41.5,0.031
169.5,42.5,0.026
169.5,43.5,0.02
169.5,44.5,0.016
170.5,27.5,0.0005
170.5,28.5,0.0015
170.5,29.5,0.003
170.5,30.5,0.007
170.5,31.5,0.0065
170.5,32.5,0.01
170.5,33.5,0.0125
170.5,34.5,0.0115
170.5,35.5,0.019
170.5,36.5,0.0265
170.5,37.5,0.033
170.5,38.5,0.033
170.5,39.5,0.0295
170.5,40.5,0.036
170.5,41.5,0.031
170.5,42.5,0.0265
170.5,43.5,0.0175
170.5,44.5,0.015
171.5,27.5,0.0005
171.5,28.5,0.001
171.5,29.5,0.0015
171.5,30.5,0.0065
171.5,31.5,0.0065
171.5,32.5,0.0105
171.5,33.5,0.011
171.5,34.5,0.012
171.5,35.5,0.017
171.5,36.5,0.0255
171.5,37.5,0.0305
171.5,38.5,0.033
171.5,39.5,0.029
171.5,40.5,0.0355
171.5,41.5,0.0335
171.5,42.5,0.0285
171.5,43.5,0.021
171.5,44.5,0.014
172.5,26.5,0.0005
172.5,27.5,0.001
172.5,29.5,0.0015
172.5,30.5,0.0065
172.5,31.5,0.007
172.5,32.5,0.0115
172.5,33.5,0.009
172.5,34.5,0.0115
172.5,35.5,0.015
172.5,36.5,0.025
172.5,37.5,0.029
172.5,38.5,0.028
172.5,39.5,0.0275
172.5,40.5,0.0335
172.5,41.5,0.0345
172.5,42.5,0.025
172.5,43.5,0.0235
172.5,44.5,0.016
173.5,26.5,0.0005
173.5,27.5,0.001
173.5,28.5,0.001
173.5,29.5,0.0025
173.5,30.5,0.004
173.5,31.5,0.0075
173.5,32.5,0.0065
173.5,33.5,0.009
173.5,34.5,0.009
173.5,35.5,0.016
173.5,36.5,0.026
173.5,37.5,0.0255
173.5,38.5,0.0285
173.5,39.5,0.0255
173.5,40.5,0.0295
173.5,41.5,0.0305
173.5,42.5,0.026
173.5,43.5,0.0225
173.5,44.5,0.0155
174.5,27.5,0.0015
174.5,28.5,0.001
174.5,29.5,0.0005
174.5,30.5,0.0025
174.5,31.5,0.006
174.5,32.5,0.008
174.5,33.5,0.009
174.5,34.5,0.0065
174.5,35.5,0.0115
174.5,36.5,0.022
174.5,37.5,0.021
174.5,38.5,0.0295
174.5,39.5,0.028
174.5,40.5,0.0325
174.5,41.5,0.028
174.5,42.5,0.026
174.5,43.5,0.0235
174.5,44.5,0.0145
175.5,26.5,0.0005
175.5,27.5,0.001
175.5,28.5,0.0005
175.5,29.5,0.001
175.5,30.5,0.002
175.5,31.5,0.004
175.5,32.5,0.007
175.5,33.5,0.0075
175.5,34.5,0.009
175.5,35.5,0.01
175.5,36.5,0.0205
175.5,37.5,0.0205
175.5,38.5,0.027
175.5,39.5,0.027
175.5,40.5,0.032
175.5,41.5,0.027
175.5,42.5,0.028
175.5,43.5,0.025
175.5,44.5,0.018
176.5,26.5,0.0005
176.5,28.5,0.001
176.5,29.5,0.001
176.5,30.5,0.001
176.5,31.5,0.003
176.5,32.5,0.005
176.5,33.5,0.0065
176.5,34.5,0.01
176.5,35.5,0.0095
176.5,36.5,0.019
176.5,37.5,0.021
176.5,38.5,0.019
176.5,39.5,0.025
176.5,40.5,0.03
176.5,41.5,0.0295
176.5,42.5,0.0285
176.5,43.5,0.0205
176.5,44.5,0.017
177.5,26.5,0.0005
177.5,28.5,0.001
177.5,29.5,0.0005
177.5,30.5,0.0005
177.5,31.5,0.0015
177.5,32.5,0.004
177.5,33.5,0.0075
177.5,34.5,0.0085
177.5,35.5,0.0115
177.5,36.5,0.0165
177.5,37.5,0.022
177.5,38.5,0.0195
177.5,39.5,0.0185
177.5,40.5,0.021
177.5,41.5,0.027
177.5,42.5,0.0275
177.5,43.5,0.0225
177.5,44.5,0.014
178.5,27.5,0.0005
178.5,28.5,0.0015
178.5,29.5,0.002
178.5,30.5,0.002
178.5,31.5,0.001
178.5,32.5,0.003
178.5,33.5,0.0055
178.5,34.5,0.0035
178.5,35.5,0.0085
178.5,36.5,0.0125
178.5,37.5,0.0195
178.5,38.5,0.0205
178.5,39.5,0.0155
178.5,40.5,0.0155
178.5,41.5,0.0215
178.5,42.5,0.0215
178.5,43.5,0.019
178.5,44.5,0.012
179.5,28.5,0.0005
179.5,29.5,0.0015
179.5,30.5,0.002
179.5,31.5,0.002
179.5,32.5,0.001
179.5,33.5,0.0035
179.5,34.5,0.0035
179.5,35.5,0.0065
179.5,36.5,0.006
179.5,37.5,0.0105
179.5,38.5,0.013
179.5,39.5,0.01
179.5,40.5,0.0095
179.5,41.5,0.0155
179.5,42.5,0.01
179.5,43.5,0.008
179.5,44.5,0.008
